sector,daily_sales,daily_expenses,cash_balance,total_receivables,overdue_receivables,avg_delay_days,monthly_expenses,expense_ratio,receivables_stress,cash_buffer_stress,burn_rate_stress,survival_days,fixed_lss,sc_lss,risk_label
Retail,41250.19,18768.93,935368.7,804539.29,17958.18,1,563067.8,45.5,2.23,0.0,0.0,999.0,14.21,16.26,Low
Retail,54393.34,38926.54,601756.86,650285.14,68903.85,16,1167796.11,71.56,10.6,48.47,0.0,999.0,36.24,41.18,Medium
Retail,39304.97,41992.39,180020.63,461734.81,235668.29,38,1259771.8,100.0,51.04,85.71,0.0,67.0,64.19,68.37,High
Retail,38641.82,23644.39,699821.79,532648.79,42921.86,6,709331.68,61.19,8.06,1.34,0.0,999.0,20.71,23.03,Low
Retail,16084.93,14030.86,161478.82,226840.19,26891.72,13,420925.84,87.23,11.85,61.64,0.0,999.0,44.54,50.8,Medium
Retail,25885.7,25351.32,31509.42,635311.85,278156.97,28,760539.6,97.94,43.78,95.86,0.0,999.0,64.29,69.6,High
Retail,27683.79,15514.22,888646.24,493186.3,30504.55,5,465426.59,56.04,6.19,0.0,0.0,999.0,18.36,20.54,Low
Retail,44637.74,31614.6,389900.77,1006152.47,158848.93,12,948438.13,70.82,15.79,58.89,0.0,999.0,39.92,44.82,Medium
Retail,53057.15,53801.96,173340.44,758349.91,417269.24,30,1614058.8,100.0,55.02,89.26,0.0,232.7,66.07,70.03,High
Retail,18894.37,9511.34,640955.98,355112.63,23012.55,9,285340.2,50.34,6.48,0.0,0.0,999.0,16.72,18.59,Low
Retail,35775.27,26619.16,413101.47,702570.65,108188.55,17,798574.91,74.41,15.4,48.27,0.0,999.0,38.24,42.83,Medium
Retail,51828.3,58711.1,111184.16,768085.11,237822.25,35,1761332.9,100.0,30.96,93.69,46.15,16.2,70.39,76.98,High
Retail,11441.81,7238.4,316275.14,219024.31,15724.07,3,217151.97,63.26,7.18,0.0,0.0,999.0,20.77,23.22,Low
Retail,28572.86,24704.62,328765.66,590452.78,90325.12,17,741138.73,86.46,15.3,55.64,0.0,999.0,43.67,49.25,Medium
Retail,36026.82,40497.9,113202.36,422538.85,200731.25,36,1214936.9,100.0,47.51,90.68,15.6,25.3,67.67,72.45,High
Retail,59871.96,33043.65,1170224.91,634541.09,2989.73,1,991309.41,55.19,0.47,0.0,0.0,999.0,16.67,19.39,Low
Retail,16319.06,13422.21,214708.43,277341.58,49076.55,24,402666.36,82.25,17.7,46.68,0.0,999.0,40.77,45.44,Medium
Retail,58496.08,67752.14,61854.05,1347831.69,695773.02,46,2032564.15,100.0,51.62,96.96,77.72,6.7,82.69,87.38,High
Retail,47045.65,28402.39,1118885.79,739242.48,21696.78,2,852071.56,60.37,2.94,0.0,0.0,999.0,18.85,21.57,Low
Retail,57598.43,49399.5,527640.11,957895.76,191691.44,15,1481984.86,85.77,20.01,64.4,0.0,999.0,46.83,52.34,Medium
Retail,13533.36,14718.75,70486.45,143430.2,64873.32,31,441562.52,100.0,45.23,84.04,0.0,59.5,62.32,67.0,High
Retail,47650.56,26583.1,1488443.92,866385.27,45949.06,0,797492.86,55.79,5.3,0.0,0.0,999.0,18.06,20.32,Low
Retail,33407.5,24057.95,345960.33,403251.51,119791.62,19,721738.42,72.01,29.71,52.07,0.0,999.0,42.05,45.28,Medium
Retail,20525.32,21966.35,28607.89,505451.19,262618.43,27,658990.38,100.0,51.96,95.66,33.83,19.9,73.67,78.26,High
Retail,35700.72,16963.27,1043023.83,446471.88,42274.13,2,508898.18,47.52,9.47,0.0,0.0,999.0,16.62,18.05,Low
Retail,53366.52,41421.21,455834.3,1073741.42,223187.05,16,1242636.43,77.62,20.79,63.32,0.0,999.0,44.31,49.28,Medium
Retail,28747.6,31665.66,82422.32,289116.66,164763.02,39,949969.68,100.0,56.99,91.32,5.85,28.2,68.25,72.11,High
Retail,19684.26,10188.91,551183.89,159880.38,3679.08,3,305667.32,51.76,2.3,0.0,0.0,999.0,16.1,18.46,Low
Retail,44807.73,31840.25,305087.04,412436.1,43834.78,20,955207.51,71.06,10.63,68.06,0.0,999.0,40.99,46.88,Medium
Retail,20376.24,22427.99,42202.95,362607.39,123175.39,43,672839.78,100.0,33.97,93.73,31.44,20.6,68.21,74.5,High
Retail,20635.86,11238.18,514245.95,316303.73,2983.56,10,337145.28,54.46,0.94,0.0,0.0,999.0,16.57,19.2,Low
Retail,30026.09,23542.39,442852.08,271148.05,63631.1,13,706271.65,78.41,23.47,37.3,0.0,999.0,38.71,42.15,Medium
Retail,45867.11,52296.65,70926.38,716739.14,256217.77,42,1568899.64,100.0,35.75,95.48,63.23,11.0,75.45,81.65,High
Retail,29937.85,15139.84,666018.55,650740.33,60080.62,7,454195.16,50.57,9.23,0.0,0.0,999.0,17.48,19.08,Low
Retail,52510.28,37682.61,725993.39,1285080.7,267447.9,10,1130478.41,71.76,20.81,35.78,0.0,999.0,35.68,38.97,Medium
Retail,56171.08,64855.62,102880.46,1275030.6,568271.37,31,1945668.67,100.0,44.57,94.71,60.51,11.8,76.92,82.2,High
Retail,54927.03,26525.77,990699.13,705770.41,27554.81,7,795773.06,48.29,3.9,0.0,0.0,999.0,15.46,17.49,Low
Retail,44222.76,36770.82,681045.44,470156.29,109252.22,25,1103124.71,83.15,23.24,38.26,0.0,999.0,40.32,44.07,Medium
Retail,23428.81,27894.64,91276.32,312336.03,144504.94,48,836839.13,100.0,46.27,89.09,31.87,20.4,70.21,75.04,High
Retail,10607.4,5784.83,356722.47,258112.46,13709.03,0,173544.84,54.54,5.31,0.0,0.0,999.0,17.69,19.88,Low
Retail,12165.8,8922.98,159863.69,180834.64,42503.83,17,267689.55,73.34,23.5,40.28,0.0,999.0,37.95,41.28,Medium
Retail,56963.0,61001.82,221847.83,861669.23,268774.02,27,1830054.74,100.0,31.19,87.88,0.0,54.9,59.77,66.04,High
Retail,38350.96,21267.78,1299714.25,462422.87,9445.41,5,638033.26,55.46,2.04,0.0,0.0,999.0,17.15,19.72,Low
Retail,28580.86,23462.15,274375.29,233173.06,38062.11,12,703864.57,82.09,16.32,61.02,0.0,999.0,43.96,49.49,Medium
Retail,40300.28,43076.89,60446.64,504092.32,232532.91,41,1292306.82,100.0,46.13,95.32,27.43,21.8,70.85,76.0,High
Retail,56529.49,35397.23,1862510.62,873331.84,32271.98,2,1061916.89,62.62,3.7,0.0,0.0,999.0,19.71,22.47,Low
Retail,36247.33,27346.91,645428.72,701519.1,183391.12,10,820407.39,75.45,26.14,21.33,0.0,999.0,34.5,36.73,Medium
Retail,36839.32,43452.96,55919.6,367003.88,206783.97,33,1303588.92,100.0,56.34,95.71,71.82,8.5,82.38,86.53,High
Retail,13565.87,7605.63,306994.57,155480.54,9403.93,5,228169.02,56.06,6.05,0.0,0.0,999.0,18.33,20.53,Low
Retail,40980.37,30633.53,486124.86,392144.23,110218.92,11,919005.91,74.75,28.11,47.1,0.0,999.0,41.23,44.51,Medium
Retail,30025.94,29515.62,30558.25,740336.55,393367.29,45,885468.64,98.3,53.13,96.55,0.0,999.0,66.91,71.34,High
Retail,16402.26,8830.44,492007.96,152198.98,8536.95,1,264913.16,53.84,5.61,0.0,0.0,999.0,17.55,19.68,Low
Retail,53921.53,46518.49,676557.97,825343.15,220299.77,14,1395554.74,86.27,26.69,51.52,0.0,999.0,45.43,49.65,Medium
Retail,10175.1,10270.7,57646.42,236893.83,140160.34,26,308121.01,100.0,59.17,81.29,0.0,603.0,65.11,68.26,High
Retail,18923.98,9460.21,373701.14,464682.67,36250.65,6,283806.3,49.99,7.8,0.0,0.0,999.0,16.95,18.67,Low
Retail,46972.84,40708.42,415279.7,1079627.2,143050.99,15,1221252.61,86.66,13.25,66.0,0.0,999.0,45.81,52.12,Medium
Retail,9288.89,10412.56,24717.06,180096.93,104320.2,50,312376.85,100.0,57.92,92.09,26.68,22.0,72.84,76.65,High
Retail,46222.99,23094.55,957110.07,1055124.63,73993.59,6,692836.59,49.96,7.01,0.0,0.0,999.0,16.74,18.54,Low
Retail,52646.85,38960.67,831769.64,1155551.93,221936.05,19,1168820.18,74.0,19.21,28.84,0.0,999.0,34.21,37.43,Medium
Retail,53308.8,51543.05,229236.68,1209789.86,507554.99,33,1546291.62,96.69,41.95,85.18,0.0,999.0,60.79,65.69,High
Retail,58278.23,29478.59,1684543.38,794305.97,31746.69,8,884357.62,50.58,4.0,0.0,0.0,999.0,16.17,18.3,Low
Retail,9435.23,8094.17,86186.87,81618.23,17639.17,18,242825.09,85.79,21.61,64.51,0.0,999.0,47.27,52.62,Medium
Retail,39021.71,39166.32,192460.55,388889.47,167579.54,41,1174989.75,100.0,43.09,83.62,0.0,999.0,61.68,66.55,High
Retail,54774.25,26730.7,1027267.49,1300054.56,56689.86,8,801920.85,48.8,4.36,0.0,0.0,999.0,15.73,17.73,Low
Retail,35999.5,29861.49,536515.04,551946.4,129224.84,21,895844.85,82.95,23.41,40.11,0.0,999.0,40.77,44.58,Medium
Retail,57341.47,67446.83,236004.72,1160351.87,579034.43,28,2023405.0,100.0,49.9,88.34,22.15,23.4,68.99,73.42,High
Retail,23616.76,12088.4,589065.22,411522.29,16559.67,4,362652.04,51.19,4.02,0.0,0.0,999.0,16.36,18.52,Low
Retail,17975.68,14734.44,189638.86,331898.62,82850.83,15,442033.22,81.97,24.96,57.1,0.0,999.0,45.11,49.56,Medium
Retail,23649.39,25171.97,23697.39,505101.38,195006.57,38,755159.07,100.0,38.61,96.86,48.12,15.6,73.49,79.47,High
Retail,39546.4,20344.64,1008843.03,634489.0,42867.8,8,610339.21,51.44,6.76,0.0,0.0,999.0,17.12,19.02,Low
Retail,54861.4,46263.77,440882.51,525988.22,61519.11,20,1387913.05,84.33,11.7,68.23,0.0,999.0,45.28,51.74,Medium
Retail,57503.98,55805.35,146755.76,483909.33,262263.79,29,1674160.44,97.05,54.2,91.23,0.0,999.0,65.47,69.47,High
Retail,20731.81,11299.4,672654.86,478165.31,3482.39,6,338982.09,54.5,0.73,0.0,0.0,999.0,16.53,19.19,Low
Retail,37934.89,31459.49,402403.48,726566.36,130731.5,14,943784.63,82.93,17.99,57.36,0.0,999.0,43.72,48.93,Medium
Retail,8288.33,9326.77,40200.32,97141.71,32248.74,38,279803.1,100.0,33.2,85.63,0.0,38.7,59.71,65.67,High
Retail,49813.71,29349.36,1290043.05,785056.69,43759.51,1,880480.81,58.92,5.57,0.0,0.0,999.0,19.07,21.46,Low
Retail,49673.66,40740.55,886908.82,914744.95,200411.9,24,1222216.5,82.02,21.91,27.43,0.0,999.0,36.94,40.22,Medium
Retail,45402.25,47737.44,233950.77,937199.63,435199.51,30,1432123.2,100.0,46.44,83.66,0.0,100.2,62.53,67.06,High
Retail,32683.07,16401.62,725664.69,530712.58,33841.49,8,492048.51,50.18,6.38,0.0,0.0,999.0,16.65,18.52,Low
Retail,20440.78,15926.99,297669.71,274623.23,40341.8,20,477809.73,77.92,14.69,37.7,0.0,999.0,36.47,40.79,Medium
Retail,36087.92,33977.21,77816.64,419962.25,213418.49,47,1019316.4,94.15,50.82,92.37,0.0,999.0,64.04,68.29,High
Retail,29573.13,15264.95,766556.64,432391.87,2692.32,6,457948.45,51.62,0.62,0.0,0.0,999.0,15.64,18.16,Low
Retail,48029.38,41799.55,299433.57,773688.74,213639.7,22,1253986.36,87.03,27.61,76.12,0.0,999.0,52.04,57.44,Medium
Retail,57022.57,56428.61,168212.76,977922.73,554963.78,38,1692858.22,98.96,56.75,90.06,0.0,999.0,66.39,70.17,High
Retail,46200.97,28181.37,1536773.34,711920.54,34758.06,4,845441.23,61.0,4.88,0.0,0.0,999.0,19.52,22.08,Low
Retail,9509.29,7231.85,134553.63,211948.74,38333.76,15,216955.41,76.05,18.09,37.98,0.0,999.0,36.83,40.72,Medium
Retail,55816.16,66656.59,204879.83,982066.64,561819.37,43,1999697.69,100.0,57.21,89.75,37.0,18.9,74.14,77.91,High
Retail,9409.31,5443.75,191073.76,116888.59,5396.73,0,163312.61,57.85,4.62,0.0,0.0,999.0,18.51,20.94,Low
Retail,25022.34,19563.61,251474.67,520068.47,143501.45,18,586908.37,78.18,27.59,57.15,0.0,999.0,44.64,48.65,Medium
Retail,51260.06,50013.49,72252.66,455469.0,139289.25,42,1500404.79,97.57,30.58,95.18,0.0,999.0,60.71,67.29,High
Retail,57499.82,28453.47,1102071.08,1197259.29,114611.91,0,853604.03,49.48,9.57,0.0,0.0,999.0,17.24,18.76,Low
Retail,57379.81,42224.94,358311.68,920976.82,120165.8,14,1266748.11,73.59,13.05,71.71,0.0,999.0,43.27,49.23,Medium
Retail,13948.25,16519.29,46380.31,151372.22,57048.12,36,495578.76,100.0,37.69,90.64,39.87,18.0,70.06,75.82,High
Retail,39576.87,23729.7,789442.15,389344.53,31899.04,4,711891.08,59.96,8.19,0.0,0.0,999.0,20.04,22.21,Low
Retail,9335.28,7058.89,131890.37,224093.35,65353.37,22,211766.76,75.62,29.16,37.72,0.0,999.0,39.41,42.16,Medium
Retail,18313.15,19734.79,94365.06,386996.66,144293.57,47,592043.59,100.0,37.29,84.06,0.0,66.4,60.34,65.81,High
Retail,52215.25,29766.99,1047330.12,725920.61,71419.29,0,893009.7,57.01,9.84,0.0,0.0,999.0,19.56,21.43,Low
Retail,30275.66,23212.43,365473.48,665447.6,111959.05,23,696372.88,76.67,16.82,47.52,0.0,999.0,39.09,43.61,Medium
Retail,13488.02,16026.96,56351.95,142984.48,78443.03,47,480808.68,100.0,54.86,88.28,26.02,22.2,70.99,74.92,High
Retail,17159.12,9512.15,498605.92,363239.82,22372.39,8,285364.44,55.43,6.16,0.0,0.0,999.0,18.17,20.33,Low
Retail,32173.44,27303.41,421783.95,711754.5,117055.8,17,819102.44,84.86,16.45,48.51,0.0,999.0,41.7,46.72,Medium
Retail,12506.47,14563.65,27755.83,242115.32,106388.51,44,436909.56,100.0,43.94,93.65,55.03,13.5,75.4,80.69,High
Retail,25492.62,13991.91,599720.13,549701.28,26800.68,5,419757.45,54.89,4.88,0.0,0.0,999.0,17.68,19.94,Low
Retail,25697.62,22060.32,370410.76,431274.5,66956.97,10,661809.51,85.85,15.53,44.03,0.0,999.0,40.64,45.58,Medium
Retail,17934.93,17440.05,54381.24,354042.03,165179.32,32,523201.56,97.24,46.66,89.61,0.0,999.0,63.24,67.91,High
Retail,41586.95,22796.48,1309151.34,618598.37,5756.27,3,683894.41,54.82,0.93,0.0,0.0,999.0,16.68,19.33,Low
Retail,20651.87,16924.47,215362.75,314601.58,66284.85,21,507734.12,81.95,21.07,57.58,0.0,999.0,44.25,49.12,Medium
Retail,46788.64,46752.96,211216.79,557680.7,212629.67,33,1402588.84,99.92,38.13,84.94,0.0,999.0,60.74,66.17,High
Retail,45506.79,23349.97,1393826.33,512233.32,48707.12,2,700499.04,51.31,9.51,0.0,0.0,999.0,17.77,19.39,Low
Retail,46407.44,34794.9,606779.29,1144810.37,288539.81,19,1043847.14,74.98,25.2,41.87,0.0,999.0,39.26,42.58,Medium
Retail,51296.67,50725.94,143856.67,876162.42,342299.38,47,1521778.35,98.89,39.07,90.55,0.0,999.0,62.07,67.63,High
Retail,22264.19,14357.26,610196.91,419541.57,29259.56,2,430717.87,64.49,6.97,0.0,0.0,999.0,21.09,23.62,Low
Retail,47145.19,33872.21,289810.22,730183.32,114542.3,25,1016166.23,71.85,15.69,71.48,0.0,999.0,43.35,48.94,Medium
Retail,17586.91,16099.29,100338.92,260497.79,115483.56,27,482978.61,91.54,44.33,79.22,0.0,999.0,58.35,62.46,High
Retail,11852.27,6825.6,224142.53,286056.22,4267.89,9,204767.86,57.59,1.49,0.0,0.0,999.0,17.65,20.38,Low
Retail,12429.41,9255.86,157814.65,263339.24,48252.91,17,277675.83,74.47,18.32,43.17,0.0,999.0,37.71,41.76,Medium
Retail,27779.66,32573.07,69081.5,366454.35,174636.59,38,977192.21,100.0,47.66,92.93,51.96,14.4,75.54,80.42,High
Retail,40293.42,23044.86,1232233.98,750817.75,71146.75,3,691345.87,57.19,9.48,0.0,0.0,999.0,19.53,21.44,Low
Retail,21761.6,15551.14,193207.79,175082.66,36837.12,15,466534.12,71.46,21.04,58.59,0.0,999.0,41.35,45.74,Medium
Retail,31426.19,33881.94,77192.05,402450.5,148682.47,47,1016458.23,100.0,36.94,92.41,0.0,31.4,62.34,68.26,High
Manufacturing,105960.67,59560.55,2613888.34,1910091.92,171303.14,30,1786816.61,56.21,8.97,0.0,0.0,999.0,19.11,16.74,Low
Manufacturing,100390.57,76253.05,941394.04,2353455.54,629414.82,34,2287591.37,75.96,26.74,58.85,0.0,999.0,44.18,41.72,Medium
Manufacturing,102663.12,97235.91,307531.14,2259829.25,1373217.18,83,2917077.18,94.71,60.77,89.46,0.0,999.0,65.97,64.27,High
Manufacturing,112119.25,70035.97,3293386.38,2693720.67,257556.54,22,2101079.21,62.47,9.56,0.0,0.0,999.0,21.13,18.48,Low
Manufacturing,70047.22,57351.79,627994.48,1435062.72,304173.36,43,1720553.79,81.88,21.2,63.5,0.0,999.0,45.74,42.7,Medium
Manufacturing,80371.36,74731.6,271136.53,1428873.04,1051656.89,87,2241947.93,92.98,73.6,87.91,0.0,999.0,68.27,67.3,High
Manufacturing,115078.63,82848.25,3848877.4,2413527.15,218247.18,11,2485447.41,71.99,9.04,0.0,0.0,999.0,23.86,20.71,Low
Manufacturing,37519.07,30907.94,499257.03,578170.59,163880.7,48,927238.23,82.38,28.34,46.16,0.0,999.0,43.34,40.64,Medium
Manufacturing,101424.49,130659.19,488872.39,1966851.15,1264531.54,70,3919775.73,100.0,64.29,87.53,44.26,16.7,76.81,75.02,High
Manufacturing,105773.31,64105.67,3582909.39,2309097.2,215283.3,22,1923170.17,60.61,9.32,0.0,0.0,999.0,20.51,17.95,Low
Manufacturing,75009.66,60830.22,883179.19,1115466.86,331273.73,54,1824906.7,81.1,29.7,51.6,0.0,999.0,44.65,42.08,Medium
Manufacturing,71459.63,92574.89,424896.24,637524.86,439833.35,73,2777246.82,100.0,68.99,84.7,32.92,20.1,75.01,73.46,High
Manufacturing,71843.94,47118.69,2153152.95,823366.75,95762.61,11,1413560.6,65.58,11.63,0.0,0.0,999.0,22.58,19.89,Low
Manufacturing,74921.96,67844.43,993269.93,636145.95,260485.87,33,2035332.81,90.55,40.95,51.2,0.0,999.0,50.2,47.72,Medium
Manufacturing,83002.23,101573.08,519485.79,1443265.47,878605.97,60,3047192.44,100.0,60.88,82.95,6.76,28.0,67.31,65.35,High
Manufacturing,29320.92,21072.47,1121777.28,557421.91,66454.27,13,632174.03,71.87,11.92,0.0,0.0,999.0,24.54,21.54,Low
Manufacturing,35397.11,32088.57,407149.58,785472.79,323319.05,43,962656.98,90.65,41.16,57.71,0.0,999.0,51.91,49.44,Medium
Manufacturing,118024.46,119513.67,626425.52,2146796.44,1361616.6,89,3585409.97,100.0,63.43,82.53,0.0,420.6,66.49,64.66,High
Manufacturing,94629.25,54242.1,2024706.61,1303790.43,216300.49,23,1627262.88,57.32,16.59,0.0,0.0,999.0,21.34,19.31,Low
Manufacturing,98771.74,76393.48,793214.43,1775712.55,741919.86,56,2291804.25,77.34,41.78,65.39,0.0,999.0,50.0,48.22,Medium
Manufacturing,119890.23,132606.19,346671.3,1636679.03,1126858.75,71,3978185.73,100.0,68.85,91.29,9.12,27.3,71.86,70.3,High
Manufacturing,96287.27,59132.49,3722181.25,1706264.3,307878.76,17,1773974.6,61.41,18.04,0.0,0.0,999.0,22.93,20.77,Low
Manufacturing,43356.24,37941.44,369558.55,1020099.29,431921.82,52,1138243.06,87.51,42.34,67.53,0.0,999.0,53.72,51.46,Medium
Manufacturing,58123.11,75304.15,392584.56,954415.66,695011.83,64,2259124.55,100.0,72.82,82.62,23.83,22.8,73.63,72.27,High
Manufacturing,23701.96,15059.98,753807.89,229792.86,41467.28,24,451799.31,63.54,18.05,0.0,0.0,999.0,23.57,21.3,Low
Manufacturing,111044.17,80292.65,1080444.76,1029610.43,474938.59,34,2408779.59,72.31,46.13,55.15,0.0,999.0,47.01,45.7,Medium
Manufacturing,98152.53,100185.14,563351.98,2206469.83,1410197.15,62,3005554.08,100.0,63.91,81.26,0.0,277.2,66.29,64.49,High
Manufacturing,105234.13,73252.24,2904481.87,2402549.08,234246.55,25,2197567.07,69.61,9.75,0.0,0.0,999.0,23.32,20.33,Low
Manufacturing,23589.91,17307.54,367387.66,488193.85,232516.35,37,519226.29,73.37,47.63,29.24,0.0,999.0,41.23,39.94,Medium
Manufacturing,63397.15,60696.96,367861.12,686477.08,552890.51,74,1820908.81,95.74,80.54,79.8,0.0,999.0,68.81,68.05,High
Manufacturing,49946.61,27716.42,1322960.45,717847.56,41935.14,21,831492.7,55.49,5.84,0.0,0.0,999.0,18.11,15.63,Low
Manufacturing,34556.98,28552.13,511137.01,379303.59,166042.36,35,856563.78,82.62,43.78,40.33,0.0,999.0,45.81,43.87,Medium
Manufacturing,80949.18,86240.57,493693.46,844542.88,569376.91,78,2587217.11,100.0,67.42,80.92,0.0,93.3,67.08,65.45,High
Manufacturing,66114.99,39217.84,1659918.29,1541838.64,79265.33,24,1176535.08,59.32,5.14,0.0,0.0,999.0,19.08,16.37,Low
Manufacturing,87761.09,65960.81,1167288.95,1148408.45,348736.84,48,1978824.19,75.16,30.37,41.01,0.0,999.0,40.39,38.15,Medium
Manufacturing,116202.91,137388.92,550919.71,2615344.3,1584225.42,72,4121667.62,100.0,60.57,86.63,13.32,26.0,69.47,67.49,High
Manufacturing,30665.33,18854.02,833458.53,256759.96,24233.23,19,565620.66,61.48,9.44,0.0,0.0,999.0,20.8,18.2,Low
Manufacturing,103003.76,82316.6,834039.5,2127992.74,977855.69,54,2469498.0,79.92,45.95,66.23,0.0,999.0,52.02,50.32,Medium
Manufacturing,24904.43,28650.91,124033.1,527664.91,430814.31,69,859527.27,100.0,81.65,85.57,0.0,33.1,71.8,70.89,High
Manufacturing,43011.84,29520.25,1048632.54,839676.94,65931.26,18,885607.44,68.63,7.85,0.0,0.0,999.0,22.55,19.51,Low
Manufacturing,92092.84,78448.02,1663200.83,1719077.46,667817.64,58,2353440.69,85.18,38.85,29.33,0.0,999.0,42.6,40.28,Medium
Manufacturing,23942.26,29201.7,52677.45,228224.0,143256.53,64,876051.02,100.0,62.77,93.99,66.61,10.0,82.51,80.65,High
Manufacturing,49511.05,33522.53,1164143.37,1133794.52,79166.03,27,1005675.9,67.71,6.98,0.0,0.0,999.0,22.06,19.02,Low
Manufacturing,56585.75,46420.63,637740.01,1246002.82,310707.41,59,1392618.87,82.04,24.94,54.21,0.0,999.0,44.4,41.54,Medium
Manufacturing,68184.78,83626.29,441793.49,1088340.52,673193.4,63,2508788.78,100.0,61.86,82.39,4.63,28.6,66.99,65.08,High
Manufacturing,27529.94,18670.96,674821.88,672930.35,101914.33,22,560128.83,67.82,15.14,0.0,0.0,999.0,24.13,21.5,Low
Manufacturing,100458.76,79679.37,1756841.32,1014734.84,207184.09,47,2390381.17,79.32,20.42,26.5,0.0,999.0,35.52,32.58,Medium
Manufacturing,56858.57,68493.22,203153.86,1363750.55,863743.58,80,2054796.49,100.0,63.34,90.11,41.8,17.5,76.72,74.89,High
Manufacturing,30834.61,18184.7,632124.71,418613.96,76453.66,27,545541.09,58.97,18.26,0.0,0.0,999.0,22.26,20.22,Low
Manufacturing,81008.22,68818.95,1265741.04,1064223.85,361070.15,52,2064568.54,84.95,33.93,38.69,0.0,999.0,43.64,41.09,Medium
Manufacturing,60829.59,59194.2,467023.35,606717.22,367990.74,75,1775825.95,97.31,60.65,73.7,0.0,999.0,62.78,60.95,High
Manufacturing,43480.0,27887.33,1207566.5,657641.78,69480.99,27,836619.95,64.14,10.57,0.0,0.0,999.0,21.88,19.2,Low
Manufacturing,94226.9,70755.41,1222934.61,1740002.22,399689.8,45,2122662.36,75.09,22.97,42.39,0.0,999.0,38.87,36.26,Medium
Manufacturing,113905.31,116901.16,699570.4,2751888.18,1585209.75,74,3507034.77,100.0,57.6,80.05,0.0,233.5,64.41,62.29,High
Manufacturing,105545.02,59832.45,3558303.12,1487916.19,195913.75,30,1794973.39,56.69,13.17,0.0,0.0,999.0,20.3,18.12,Low
Manufacturing,59813.96,45336.69,566194.0,571728.68,259799.2,44,1360100.84,75.8,45.44,58.37,0.0,999.0,48.69,47.17,Medium
Manufacturing,41210.58,47928.21,322537.08,500324.12,259019.04,70,1437846.23,100.0,51.77,77.57,0.0,48.0,62.33,59.92,Medium
Manufacturing,32592.39,21053.97,696571.15,585636.74,96497.48,16,631619.23,64.6,16.48,0.0,0.0,999.0,23.5,21.09,Low
Manufacturing,101305.3,77660.61,1751814.06,815325.74,355965.62,49,2329818.44,76.66,43.66,24.81,0.0,999.0,40.12,38.47,Medium
Manufacturing,105840.61,103192.63,294231.91,1044514.33,613891.33,65,3095778.96,97.5,58.77,90.5,0.0,999.0,66.57,64.63,High
Manufacturing,106644.79,61044.18,2896989.22,1440143.48,242325.35,28,1831325.27,57.24,16.83,0.0,0.0,999.0,21.38,19.36,Low
Manufacturing,37424.62,27337.93,632499.16,339833.76,121601.24,53,820137.88,73.05,35.78,22.88,0.0,999.0,36.58,34.72,Medium
Manufacturing,64827.52,68559.95,360570.42,1560532.37,1027145.37,67,2056798.61,100.0,65.82,82.47,0.0,96.6,67.07,65.36,High
Manufacturing,24336.5,16625.45,908715.76,460855.3,59089.8,24,498763.44,68.31,12.82,0.0,0.0,999.0,23.7,20.93,Low
Manufacturing,23115.06,21259.33,419944.83,377574.64,123799.96,33,637779.76,91.97,32.79,34.16,0.0,999.0,44.33,41.37,Medium
Manufacturing,110970.08,105191.48,275732.12,1125820.01,802601.7,62,3155744.38,94.79,71.29,91.26,0.0,999.0,69.08,67.9,High
Manufacturing,82431.75,53540.41,2822715.01,1402944.38,150305.37,29,1606212.31,64.95,10.71,0.0,0.0,999.0,22.16,19.45,Low
Manufacturing,65371.54,54983.05,600773.72,1250565.46,513399.42,57,1649491.4,84.11,41.05,63.58,0.0,999.0,51.39,49.24,Medium
Manufacturing,107770.62,121727.71,775189.11,1280788.18,833184.06,88,3651831.39,100.0,65.05,78.77,0.0,55.5,65.96,64.21,High
Manufacturing,53893.16,33796.12,1526243.19,717474.31,46106.96,23,1013883.67,62.71,6.43,0.0,0.0,999.0,20.42,17.61,Low
Manufacturing,45488.98,41427.66,738825.29,1007131.56,344721.36,32,1242829.66,91.07,34.23,40.55,0.0,999.0,46.02,43.17,Medium
Manufacturing,29323.01,28053.16,188628.36,264484.07,207387.05,77,841594.86,95.67,78.41,77.59,0.0,999.0,67.7,66.84,High
Manufacturing,115662.46,74658.52,3863156.93,2632196.18,293809.15,23,2239755.61,64.55,11.16,0.0,0.0,999.0,22.16,19.49,Low
Manufacturing,92106.07,84155.45,1400465.49,1531356.71,467820.07,48,2524663.4,91.37,30.55,44.53,0.0,999.0,46.18,43.14,Medium
Manufacturing,35473.02,39134.97,251278.41,505438.63,314655.72,77,1174049.01,100.0,62.25,78.6,0.0,68.6,65.21,63.33,High
Manufacturing,96260.56,62338.05,3479282.94,1774153.97,313623.01,29,1870141.56,64.76,17.68,0.0,0.0,999.0,23.85,21.49,Low
Manufacturing,84269.92,61116.82,1613685.6,715637.33,321205.4,38,1833504.64,72.53,44.88,11.99,0.0,999.0,35.98,34.59,Medium
Manufacturing,47327.04,57252.26,356335.93,1078472.76,671735.6,65,1717567.74,100.0,62.29,79.25,0.0,35.9,65.38,63.5,High
Manufacturing,76632.11,47368.86,1750085.27,732593.82,106208.38,10,1421065.85,61.81,14.5,0.0,0.0,999.0,22.17,19.8,Low
Manufacturing,73048.27,58090.82,982042.63,1480478.87,366008.11,39,1742724.71,79.52,24.72,43.65,0.0,999.0,40.95,38.21,Medium
Manufacturing,97683.56,110937.81,245160.56,2034300.22,1054607.86,65,3328134.3,100.0,51.84,92.63,38.34,18.5,73.79,71.38,High
Manufacturing,24976.25,14083.33,720870.99,387500.29,44020.89,29,422499.88,56.39,11.36,0.0,0.0,999.0,19.76,17.5,Low
Manufacturing,47316.68,41212.29,443159.08,924080.85,303998.66,39,1236368.82,87.1,32.9,64.16,0.0,999.0,50.39,47.68,Medium
Manufacturing,79313.43,88849.67,305397.64,708371.46,408858.87,79,2665490.15,100.0,57.72,88.54,0.0,32.0,66.57,64.45,High
Manufacturing,40442.31,28742.56,1429514.04,549128.96,90399.88,19,862276.72,71.07,16.46,0.0,0.0,999.0,25.44,22.71,Low
Manufacturing,20772.99,18060.1,209980.4,247445.42,77713.26,52,541802.9,86.94,31.41,61.24,0.0,999.0,49.24,46.47,Medium
Manufacturing,75872.36,89063.4,312973.7,661541.58,422708.47,83,2671901.88,100.0,63.9,88.29,20.91,23.7,72.23,70.42,High
Manufacturing,21874.15,15456.22,814641.61,325382.17,44370.37,28,463686.74,70.66,13.64,0.0,0.0,999.0,24.61,21.76,Low
Manufacturing,84014.17,65354.88,1080454.76,1816594.36,889876.74,35,1960646.28,77.79,48.99,44.89,0.0,999.0,46.81,45.37,Medium
Manufacturing,81812.53,101134.18,615117.17,801736.03,425597.93,87,3034025.34,100.0,53.08,79.73,0.0,31.8,63.2,60.86,High
Manufacturing,63567.65,39289.67,1371341.27,747983.09,135069.79,20,1178690.11,61.81,18.06,0.0,0.0,999.0,23.06,20.87,Low
Manufacturing,97911.79,71992.17,1527296.2,2291203.02,822957.62,36,2159765.24,73.53,35.92,29.28,0.0,999.0,38.36,36.48,Medium
Manufacturing,54937.53,65727.48,379821.12,535513.26,420518.73,67,1971824.39,100.0,78.53,80.74,0.0,35.2,69.82,68.74,High
Manufacturing,45596.82,26423.12,1051343.98,502088.69,82278.71,12,792693.69,57.95,16.39,0.0,0.0,999.0,21.48,19.4,Low
Manufacturing,97284.81,79659.08,1659031.89,1904765.46,815169.41,44,2389772.35,81.88,42.8,30.58,0.0,999.0,42.91,40.95,Medium
Manufacturing,108204.82,125986.86,856894.68,1447170.29,887293.22,80,3779605.77,100.0,61.31,77.33,0.0,48.2,64.66,62.73,High
Manufacturing,63976.28,40286.93,2087399.08,572902.87,97078.08,28,1208607.77,62.97,16.94,0.0,0.0,999.0,23.13,20.83,Low
Manufacturing,70733.69,55319.51,949455.92,911071.8,197763.64,56,1659585.43,78.21,21.71,42.79,0.0,999.0,39.59,36.76,Medium
Manufacturing,84466.65,109080.23,214695.55,1340156.12,948733.95,72,3272406.94,100.0,70.79,93.44,70.92,8.7,85.24,83.78,High
Manufacturing,75431.64,51641.18,2860181.76,1439328.93,169063.66,28,1549235.39,68.46,11.75,0.0,0.0,999.0,23.47,20.64,Low
Manufacturing,52152.68,42510.99,511635.12,1136220.93,248334.84,33,1275329.77,81.51,21.86,59.88,0.0,999.0,44.89,41.91,Medium
Manufacturing,103737.72,134164.67,259964.11,1266808.01,919885.64,61,4024940.01,100.0,72.61,93.54,71.52,8.5,85.84,84.47,High
Manufacturing,63775.83,39840.87,1942290.32,1505423.65,111118.23,21,1195226.04,62.47,7.38,0.0,0.0,999.0,20.59,17.83,Low
Manufacturing,58741.66,51392.66,948488.16,1116337.65,240804.81,50,1541779.83,87.49,21.57,38.48,0.0,999.0,41.26,37.96,Medium
Manufacturing,26591.19,25418.84,161415.84,597680.14,358280.22,83,762565.2,95.59,59.95,78.83,0.0,999.0,63.37,61.59,High
Manufacturing,116441.0,75973.0,2679012.48,2746224.93,170884.66,14,2279189.89,65.25,6.22,0.0,0.0,999.0,21.13,18.18,Low
Manufacturing,51023.17,43431.48,813596.24,1221802.83,291626.62,52,1302944.52,85.12,23.87,37.56,0.0,999.0,40.89,37.83,Medium
Manufacturing,50958.19,54175.59,343966.33,1016520.31,797576.75,81,1625267.81,100.0,78.46,78.84,0.0,106.9,69.32,68.25,High
Manufacturing,114710.86,82536.52,4387571.16,1909282.5,122228.34,23,2476095.56,71.95,6.4,0.0,0.0,999.0,23.19,19.91,Low
Manufacturing,21823.05,17060.68,423673.46,354987.01,107390.57,54,511820.37,78.18,30.25,17.22,0.0,999.0,35.32,32.93,Medium
Manufacturing,42654.3,41471.71,105057.15,709372.02,564340.86,63,1244151.21,97.23,79.55,91.56,0.0,999.0,71.95,71.06,High
Manufacturing,73977.08,49976.65,2258566.92,756625.23,112956.12,29,1499299.64,67.56,14.93,0.0,0.0,999.0,24.0,21.37,Low
Manufacturing,57671.99,43395.25,1036719.75,1346361.29,580725.13,55,1301857.64,75.24,43.13,20.37,0.0,999.0,38.45,36.84,Medium
Manufacturing,92118.3,86278.29,385588.46,1693145.6,1272999.96,74,2588348.62,93.66,75.19,85.1,0.0,999.0,68.17,67.25,High
Manufacturing,95239.12,65071.75,2350507.0,2225506.13,191115.95,25,1952152.54,68.32,8.59,0.0,0.0,999.0,22.64,19.66,Low
Manufacturing,39401.62,33714.44,584918.3,503951.4,167402.18,54,1011433.26,85.57,33.22,42.17,0.0,999.0,44.52,41.9,Medium
Manufacturing,58187.24,65195.01,453721.37,1063620.83,835912.31,85,1955850.23,100.0,78.59,76.8,0.0,64.7,68.85,67.78,High
Manufacturing,107300.19,59966.92,3177353.23,2156070.38,227857.43,13,1799007.57,55.89,10.57,0.0,0.0,999.0,19.41,17.14,Low
Manufacturing,71590.94,53330.64,644783.9,1674526.77,415439.54,44,1599919.07,74.49,24.81,59.7,0.0,999.0,43.48,40.99,Medium
Manufacturing,34734.87,37730.39,266710.96,800246.36,462312.97,74,1131911.57,100.0,57.77,76.44,0.0,89.0,63.55,61.44,High
Wholesale,188180.23,124619.45,3941775.38,4686991.94,731612.37,27,3738583.37,66.22,15.61,0.0,0.0,999.0,23.77,18.71,Low
Wholesale,93735.15,70697.69,1341186.87,1284165.62,644333.81,60,2120930.71,75.42,50.18,36.76,0.0,999.0,44.36,41.84,Medium
Wholesale,54828.38,50080.58,256025.77,1145929.62,819751.32,74,1502417.39,91.34,71.54,82.96,0.0,999.0,66.03,64.05,High
Wholesale,109748.72,75979.29,3137481.35,2435804.03,250523.86,21,2279378.57,69.23,10.29,0.0,0.0,999.0,23.34,17.45,Low
Wholesale,123296.72,105922.39,1267208.57,1484478.21,420635.89,49,3177671.73,85.91,28.34,60.12,0.0,999.0,47.89,42.13,Medium
Wholesale,50714.22,49875.09,180329.97,501288.97,384981.75,72,1496252.77,98.35,76.8,87.95,0.0,999.0,70.69,68.54,High
Wholesale,183874.97,126783.79,2803455.31,3717079.16,659061.77,22,3803513.65,68.95,17.73,26.29,0.0,999.0,31.69,26.57,Low
Wholesale,79516.24,59655.84,678127.23,1534211.11,646208.36,45,1789675.11,75.02,42.12,62.11,0.0,999.0,48.56,45.27,Medium
Wholesale,44554.37,55297.73,56616.01,952082.82,698943.8,86,1658931.8,100.0,73.41,96.59,82.43,5.3,88.99,86.33,High
Wholesale,116295.84,70132.22,3267909.8,2869910.39,305732.02,27,2103966.7,60.31,10.65,0.0,0.0,999.0,20.75,15.79,Low
Wholesale,73120.54,55018.55,942172.85,1401777.49,495445.28,63,1650556.63,75.24,35.34,42.92,0.0,999.0,42.14,38.15,Medium
Wholesale,47622.86,52559.74,191763.71,823029.35,491096.15,81,1576792.09,100.0,59.67,87.84,0.0,38.8,66.88,62.84,High
Wholesale,168296.51,105397.94,4491352.26,2715469.18,460797.29,37,3161938.13,62.63,16.97,0.0,0.0,999.0,23.03,18.46,Low
Wholesale,60987.26,46974.09,741632.56,792134.47,422272.27,41,1409222.65,77.02,53.31,47.37,0.0,999.0,48.28,45.91,Medium
Wholesale,37447.07,36316.71,43724.09,553086.02,484879.37,86,1089501.19,96.98,87.67,95.99,0.0,999.0,75.01,74.08,High
Wholesale,168619.03,113145.05,2621909.89,2372227.16,467411.96,24,3394351.56,67.1,19.7,22.76,0.0,999.0,30.75,26.01,Low
Wholesale,162743.07,143192.7,1353899.74,2510828.27,721467.68,51,4295780.99,87.99,28.73,68.48,0.0,999.0,50.7,44.78,Medium
Wholesale,98003.7,103286.87,472957.52,1610735.41,1077038.88,75,3098606.03,100.0,66.87,84.74,0.0,89.5,67.9,64.59,High
Wholesale,114578.98,84633.37,2611156.09,1743490.34,383868.13,38,2539001.04,73.86,22.02,0.0,0.0,999.0,27.66,22.48,Low
Wholesale,103203.22,92807.01,702252.98,966103.0,326668.34,43,2784210.34,89.93,33.81,74.78,0.0,999.0,54.13,48.51,Medium
Wholesale,142356.27,143391.7,485504.13,1989613.72,1391019.78,84,4301751.09,100.0,69.91,88.71,0.0,468.9,69.66,66.65,High
Wholesale,37200.38,27175.08,754735.76,702007.52,175307.14,23,815252.5,73.05,24.97,7.42,0.0,999.0,30.01,25.21,Low
Wholesale,164551.23,124829.17,1927197.51,3557372.44,1322855.43,56,3744875.23,75.86,37.19,48.54,0.0,999.0,44.19,40.32,Medium
Wholesale,145499.8,179470.56,228597.34,1250073.55,953369.24,84,5384116.72,100.0,76.27,95.75,77.57,6.7,88.52,86.15,High
Wholesale,41429.67,29695.85,849098.1,354246.5,55768.37,33,890875.45,71.68,15.74,4.69,0.0,999.0,26.61,21.02,Low
Wholesale,56084.49,45848.42,488475.98,995873.75,381600.68,42,1375452.52,81.75,38.32,64.49,0.0,999.0,50.23,45.88,Medium
Wholesale,120008.18,124725.93,431818.59,1012932.26,645606.64,73,3741777.94,100.0,63.74,88.46,0.0,91.5,68.05,64.42,High
Wholesale,61628.17,41763.05,1768921.8,765725.44,90098.43,39,1252891.65,67.77,11.77,0.0,0.0,999.0,23.27,17.67,Low
Wholesale,105866.43,95222.06,831662.19,1207198.26,633711.09,55,2856661.93,89.95,52.49,70.89,0.0,999.0,57.83,54.08,Medium
Wholesale,53073.83,49142.03,89727.97,1155880.36,924333.78,72,1474260.8,92.59,79.97,93.91,0.0,999.0,71.25,69.99,High
Wholesale,194485.41,145472.4,4865557.59,3348438.41,691221.73,32,4364172.08,74.8,20.64,0.0,0.0,999.0,27.6,22.18,Low
Wholesale,181526.39,159326.49,2199753.27,1989446.99,1050820.6,60,4779794.73,87.77,52.82,53.98,0.0,999.0,53.03,49.54,Medium
Wholesale,91453.67,89486.01,451829.62,1960432.17,1621714.56,77,2684580.17,97.85,82.72,83.17,0.0,999.0,70.83,69.31,High
Wholesale,34468.28,23545.4,707760.29,351787.13,77586.39,32,706361.88,68.31,22.05,0.0,0.0,999.0,26.01,21.38,Low
Wholesale,180321.9,137019.8,1619579.11,3054080.6,1420392.05,55,4110593.86,75.99,46.51,60.6,0.0,999.0,49.57,46.63,Medium
Wholesale,160757.97,191007.61,208182.03,1488748.3,1325481.6,90,5730228.21,100.0,89.03,96.37,77.06,6.9,91.76,90.67,High
Wholesale,109191.64,73988.69,1848070.67,2061155.72,462436.9,32,2219660.85,67.76,22.44,16.74,0.0,999.0,30.12,25.59,Low
Wholesale,60933.73,54532.02,568279.14,1348685.54,705650.73,41,1635960.49,89.49,52.32,65.26,0.0,999.0,56.24,52.53,Medium
Wholesale,118077.36,118838.2,194575.89,1639196.28,1437834.53,77,3565146.14,100.0,87.72,94.54,0.0,255.7,75.56,74.34,High
Wholesale,189953.69,139471.39,5259628.77,4607892.35,634003.58,35,4184141.57,73.42,13.76,0.0,0.0,999.0,25.47,19.5,Low
Wholesale,76656.68,64679.33,854283.67,833013.55,231601.53,60,1940379.82,84.38,27.8,55.97,0.0,999.0,46.26,40.6,Medium
Wholesale,190073.19,181323.74,690903.02,2611516.83,2095014.87,89,5439712.13,95.4,80.22,87.3,0.0,999.0,70.5,68.98,High
Wholesale,187068.05,113396.75,5229808.79,3948516.54,442958.12,35,3401902.58,60.62,11.22,0.0,0.0,999.0,20.99,16.05,Low
Wholesale,74991.5,58614.95,804011.82,1234858.63,537697.62,40,1758448.62,78.16,43.54,54.28,0.0,999.0,47.9,44.44,Medium
Wholesale,136617.88,136807.11,659399.96,1783734.41,1282559.78,82,4104213.25,100.0,71.9,83.93,0.0,999.0,68.96,66.15,High
Wholesale,42405.41,25824.34,915706.02,584485.43,100904.2,21,774730.32,60.9,17.26,0.0,0.0,999.0,22.59,18.22,Low
Wholesale,54423.68,47850.54,445902.11,1337808.02,730987.68,51,1435516.08,87.92,54.64,68.94,0.0,999.0,57.27,53.94,Medium
Wholesale,52230.25,53780.91,169570.97,526630.91,348466.7,84,1613427.39,100.0,66.17,89.49,0.0,109.4,68.91,65.53,High
Wholesale,106431.32,66107.86,1677259.65,1607995.35,388825.71,34,1983235.86,62.11,24.18,15.43,0.0,999.0,28.54,24.74,Low
Wholesale,193656.59,171453.21,2543636.47,2578760.97,1367066.85,63,5143596.38,88.53,53.01,50.55,0.0,999.0,52.45,48.9,Medium
Wholesale,159730.63,171613.47,488599.93,2628414.64,1904459.62,79,5148403.96,100.0,72.46,90.51,0.0,41.1,70.74,67.99,High
Wholesale,45308.35,29857.58,990370.66,634281.35,86331.59,33,895727.42,65.9,13.61,0.0,0.0,999.0,23.17,17.94,Low
Wholesale,38591.87,31808.74,533470.64,496203.54,221444.73,55,954262.06,82.42,44.63,44.1,0.0,999.0,46.91,43.13,Medium
Wholesale,31390.16,29432.17,48207.12,658740.22,423283.75,81,882964.97,93.76,64.26,94.54,0.0,999.0,67.83,64.88,High
Wholesale,92209.35,60866.22,2171919.74,1190074.97,153755.66,32,1825986.47,66.01,12.92,0.0,0.0,999.0,23.03,17.72,Low
Wholesale,95679.3,78222.91,1004495.92,1872135.52,931562.27,59,2346687.42,81.76,49.76,57.2,0.0,999.0,51.27,48.07,Medium
Wholesale,50197.87,62309.57,129290.39,877616.51,726854.31,80,1869286.96,100.0,82.82,93.08,64.42,10.7,86.86,85.14,High
Wholesale,92153.08,57286.05,2215078.53,808197.01,129479.68,16,1718581.57,62.16,16.02,0.0,0.0,999.0,22.65,18.04,Low
Wholesale,53296.18,42634.61,518968.47,1235578.15,478288.06,59,1279038.22,80.0,38.71,59.43,0.0,999.0,48.53,44.4,Medium
Wholesale,53762.77,65912.03,122262.99,1105815.67,760285.99,89,1977360.81,100.0,68.75,93.82,66.46,10.1,83.93,80.81,High
Wholesale,80869.84,52602.27,2217802.0,1420859.8,255543.02,37,1578068.19,65.05,17.99,0.0,0.0,999.0,24.01,19.3,Low
Wholesale,110731.74,83325.14,920446.08,1984637.97,561417.12,53,2499754.27,75.25,28.29,63.18,0.0,999.0,45.44,40.75,Medium
Wholesale,165448.32,190904.77,620790.98,2070423.14,1158042.54,85,5727143.14,100.0,55.93,89.16,18.71,24.4,70.02,65.61,High
Wholesale,141450.47,105494.96,3349138.93,2534777.59,339993.48,16,3164848.91,74.58,13.41,0.0,0.0,999.0,25.73,19.61,Low
Wholesale,58987.05,49805.94,660499.13,1295841.8,650966.3,44,1494178.18,84.44,50.24,55.8,0.0,999.0,51.84,48.42,Medium
Wholesale,71173.42,78319.2,270607.28,948938.93,585281.35,84,2349575.92,100.0,61.68,88.48,0.0,37.9,67.54,63.71,High
Wholesale,55743.31,39219.6,1179286.66,1273060.29,275294.0,30,1176588.13,70.36,21.62,0.0,0.0,999.0,26.51,21.64,Low
Wholesale,155092.34,117768.15,989617.03,3872359.21,1208960.27,50,3533044.64,75.93,31.22,71.99,0.0,999.0,48.58,44.11,Medium
Wholesale,111323.07,114873.01,537327.72,1538435.73,1093646.63,87,3446190.36,100.0,71.09,84.41,0.0,151.4,68.87,65.98,High
Wholesale,90228.79,64585.63,2329154.06,1127332.65,221516.77,37,1937568.85,71.58,19.65,0.0,0.0,999.0,26.39,21.19,Low
Wholesale,112310.62,100360.84,874906.89,2756044.22,935814.12,70,3010825.08,89.36,33.95,70.94,0.0,999.0,53.03,47.49,Medium
Wholesale,80594.48,80687.28,147416.26,1302137.4,1037472.62,80,2420618.29,100.0,79.67,93.91,0.0,999.0,73.4,71.36,High
Wholesale,125282.89,92730.99,3235426.34,2443339.36,349809.0,33,2781929.66,74.02,14.32,0.0,0.0,999.0,25.78,19.81,Low
Wholesale,94548.01,84811.84,1246499.67,991817.54,531993.73,65,2544355.29,89.7,53.64,51.01,0.0,999.0,53.07,49.47,Medium
Wholesale,37151.3,45858.07,48895.49,459173.29,401043.5,90,1375742.24,100.0,87.34,96.45,81.28,5.6,92.2,90.94,High
Wholesale,111443.47,70243.96,2571967.05,1406145.28,337409.61,37,2107318.77,63.03,24.0,0.0,0.0,999.0,24.91,21.0,Low
Wholesale,48568.52,41823.99,359058.35,827010.43,219347.67,68,1254719.57,86.11,26.52,71.38,0.0,999.0,50.31,44.35,Medium
Wholesale,138450.58,127149.12,367337.83,2710898.83,2171634.14,73,3814473.54,91.84,80.11,90.37,0.0,999.0,70.17,69.0,High
Wholesale,53369.4,39743.01,1583398.49,1275290.84,157742.2,35,1192290.15,74.47,12.37,0.0,0.0,999.0,25.43,19.22,Low
Wholesale,179327.94,147338.93,1254319.96,2304733.53,1242652.89,50,4420167.91,82.16,53.92,71.62,0.0,999.0,56.03,53.21,Medium
Wholesale,40057.64,46829.53,144575.83,942352.18,594885.32,71,1404886.01,100.0,63.13,89.71,28.84,21.3,73.98,70.29,High
Wholesale,59761.01,43765.18,1053994.84,1278606.61,304238.33,27,1312955.55,73.23,23.79,19.72,0.0,999.0,32.85,27.91,Low
Wholesale,61672.98,53183.72,846332.52,503099.9,169464.22,41,1595511.65,86.24,33.68,46.96,0.0,999.0,46.03,40.78,Medium
Wholesale,126553.52,118650.91,624158.86,2181290.13,1416958.6,90,3559527.42,93.76,64.96,82.47,0.0,999.0,64.98,62.1,High
Wholesale,113965.11,84423.54,3164343.44,2478722.48,421886.29,21,2532706.19,74.08,17.02,0.0,0.0,999.0,26.48,20.77,Low
Wholesale,86216.3,74117.38,990009.09,1769374.31,823784.32,40,2223521.44,85.97,46.56,55.48,0.0,999.0,51.3,47.36,Medium
Wholesale,164430.5,180663.65,662512.04,3822964.3,2337449.14,90,5419909.38,100.0,61.14,87.78,0.0,40.8,67.23,63.34,High
Wholesale,170588.27,115538.09,2780770.75,4211593.8,843954.45,20,3466142.63,67.73,20.04,19.77,0.0,999.0,30.27,25.5,Low
Wholesale,111167.2,98980.36,563428.84,2313818.81,844711.2,54,2969410.81,89.04,36.51,81.03,0.0,999.0,56.09,50.84,Medium
Wholesale,192185.92,193277.74,747897.29,2712201.8,1502566.59,90,5798332.09,100.0,55.4,87.1,0.0,685.0,65.63,61.17,High
Wholesale,70171.44,49131.79,1542433.11,1160835.44,143894.29,36,1473953.69,70.02,12.4,0.0,0.0,999.0,24.1,18.34,Low
Wholesale,182170.12,155852.65,1477359.53,4370408.0,1246548.42,69,4675579.59,85.55,28.52,68.4,0.0,999.0,49.9,44.19,Medium
Wholesale,92482.46,90382.86,446638.71,1915449.82,1374074.11,84,2711485.67,97.73,71.74,83.53,0.0,999.0,68.13,65.54,High
Wholesale,132975.62,88079.97,3090156.32,2876783.27,490848.88,32,2642399.16,66.24,17.06,0.0,0.0,999.0,24.14,19.22,Low
Wholesale,170352.6,147232.16,2010743.11,1599916.7,685955.23,65,4416964.86,86.43,42.87,54.48,0.0,999.0,50.27,45.91,Medium
Wholesale,105947.16,121449.15,139046.2,2340283.57,1749266.14,71,3643474.42,100.0,74.75,96.18,70.1,9.0,86.75,84.23,High
Wholesale,183490.99,115658.68,4229449.34,2846181.8,354863.58,31,3469760.53,63.03,12.47,0.0,0.0,999.0,22.03,16.97,Low
Wholesale,145650.19,124900.53,1440229.82,3167566.17,1646079.0,54,3747015.86,85.75,51.97,61.56,0.0,999.0,54.11,50.73,Medium
Wholesale,107083.49,115611.27,302745.79,2081387.29,1186823.42,84,3468338.15,100.0,57.02,91.27,0.0,35.5,67.07,62.78,High
Wholesale,82388.83,49702.34,1550298.86,1469099.17,147574.42,21,1491070.26,60.33,10.05,0.0,0.0,999.0,20.61,15.58,Low
Wholesale,37699.27,30222.72,212533.35,874687.58,479536.18,69,906681.68,80.17,54.82,76.56,0.0,999.0,56.9,54.36,Medium
Wholesale,197643.33,210534.6,424609.59,4154279.15,2546545.97,74,6316038.08,100.0,61.3,93.28,0.0,32.9,68.64,64.77,High
Wholesale,196316.66,136809.57,4182610.64,3067473.56,763581.56,27,4104287.09,69.69,24.89,0.0,0.0,999.0,27.13,22.65,Low
Wholesale,185909.56,149959.2,1078740.23,3191714.8,1721110.86,67,4498775.98,80.66,53.92,76.02,0.0,999.0,56.69,54.01,Medium
Wholesale,141100.8,144165.43,241831.88,1434275.56,1058553.41,86,4324962.9,100.0,73.8,94.41,0.0,78.9,72.05,69.43,High
Wholesale,196383.14,142421.62,5173260.53,3819553.49,942564.97,29,4272648.61,72.52,24.68,0.0,0.0,999.0,27.93,23.14,Low
Wholesale,122555.71,101695.51,1621853.75,1303632.83,422707.65,51,3050865.17,82.98,32.43,46.84,0.0,999.0,44.71,39.65,Medium
Wholesale,62041.68,74842.29,252010.79,1144898.15,642603.92,83,2245268.79,100.0,56.13,88.78,34.38,19.7,73.1,68.71,High
Wholesale,189160.45,138721.99,3520274.88,1621255.74,178489.94,34,4161659.63,73.34,11.01,15.41,0.0,999.0,28.61,22.37,Low
Wholesale,131623.43,112602.92,722186.61,2035209.92,960949.45,52,3378087.52,85.55,47.22,78.62,0.0,999.0,57.12,53.29,Medium
Wholesale,121759.17,141731.93,499730.61,1458765.63,873869.83,79,4251957.97,100.0,59.9,88.25,16.6,25.0,70.36,66.35,High
Wholesale,185787.5,127527.61,4396126.43,2234534.69,482392.98,25,3825828.36,68.64,21.59,0.0,0.0,999.0,25.99,21.28,Low
Wholesale,178963.91,160683.53,1827670.87,1617168.01,604930.9,48,4820505.8,89.79,37.41,62.09,0.0,999.0,51.81,46.57,Medium
Wholesale,191248.44,231008.97,888599.68,3337182.32,2566618.9,83,6930269.05,100.0,76.91,87.18,25.5,22.3,76.12,73.81,High
Wholesale,37970.3,24743.81,935957.97,509503.88,80080.35,31,742314.24,65.17,15.72,0.0,0.0,999.0,23.48,18.53,Low
Wholesale,100775.19,77837.01,883254.4,1219022.95,580650.9,55,2335110.17,77.24,47.63,62.18,0.0,999.0,50.62,47.66,Medium
Wholesale,68308.57,81979.81,107750.42,1199536.88,854140.8,71,2459394.37,100.0,71.21,95.62,73.73,7.9,86.45,83.57,High
Wholesale,194523.65,132975.01,3309117.96,2648336.6,361309.32,21,3989250.29,68.36,13.64,17.05,0.0,999.0,28.18,22.71,Low
Wholesale,43441.97,35512.42,378413.26,488209.05,200502.9,66,1065372.73,81.75,41.07,64.48,0.0,999.0,50.91,46.84,Medium
Wholesale,75638.47,85909.05,258054.87,1639770.97,1403262.14,76,2577271.58,100.0,85.58,89.99,16.25,25.1,77.14,75.7,High
Food_Beverage,25565.43,15872.58,338876.1,336292.68,3512.39,5,476177.41,62.09,1.04,28.83,0.0,999.0,26.1,29.04,Low
Food_Beverage,36814.8,26749.55,159414.17,920102.03,114228.39,18,802486.39,72.66,12.41,80.13,0.0,999.0,44.94,46.71,Medium
Food_Beverage,21762.23,21697.76,43763.93,378343.95,76095.67,27,650932.65,99.7,20.11,93.28,0.0,999.0,58.26,60.23,High
Food_Beverage,32142.99,18273.9,578726.49,453664.77,8149.17,4,548217.06,56.85,1.8,0.0,0.0,999.0,17.5,20.08,Low
Food_Beverage,35898.42,28091.26,309434.18,799652.71,97750.63,19,842737.87,78.25,12.22,63.28,0.0,999.0,42.35,44.43,Medium
Food_Beverage,37001.57,38788.08,56790.95,762280.04,221542.35,27,1163642.28,100.0,29.06,95.12,0.0,31.8,61.05,61.69,High
Food_Beverage,5567.7,3338.37,104452.65,58967.44,2122.86,4,100151.07,59.96,3.6,0.0,0.0,999.0,18.89,21.35,Low
Food_Beverage,16545.29,12633.4,146153.42,397730.41,39745.26,17,379001.89,76.36,9.99,61.44,0.0,999.0,40.76,43.08,Medium
Food_Beverage,16814.75,20267.56,28947.48,274755.11,90913.58,43,608026.86,100.0,33.09,95.24,72.05,8.4,76.49,83.73,High
Food_Beverage,10888.18,7002.14,136526.7,121172.48,4364.11,7,210064.17,64.31,3.6,35.01,0.0,999.0,28.95,31.62,Medium
Food_Beverage,36127.76,32438.07,350463.04,809039.8,82841.18,20,973142.19,89.79,10.24,63.99,0.0,999.0,45.49,48.45,Medium
Food_Beverage,38081.58,44452.11,91808.88,454479.62,115027.91,40,1333563.24,100.0,25.31,93.12,51.96,14.4,70.0,76.4,High
Food_Beverage,29750.93,14924.42,523199.75,571451.01,10663.3,7,447732.64,50.16,1.87,0.0,0.0,999.0,15.52,17.74,Low
Food_Beverage,5550.61,4424.32,32634.1,70329.54,3634.11,18,132729.57,79.71,5.17,75.41,0.0,999.0,44.06,47.27,Medium
Food_Beverage,39211.78,35559.48,99319.24,940106.38,299431.63,45,1066784.28,90.69,31.85,90.69,0.0,999.0,57.84,57.6,Medium
Food_Beverage,11274.34,7500.24,201424.88,246441.78,2969.24,4,225007.22,66.52,1.2,10.48,0.0,999.0,22.88,26.02,Low
Food_Beverage,14356.37,11015.89,80558.75,174207.81,15783.71,16,330476.6,76.73,9.06,75.62,0.0,999.0,44.19,46.67,Medium
Food_Beverage,29403.27,29991.04,75570.97,614909.42,104629.44,40,899731.15,100.0,17.02,91.6,0.0,128.6,57.15,59.6,Medium
Food_Beverage,8272.52,4701.0,151308.66,165023.22,463.01,0,141030.09,56.83,0.28,0.0,0.0,999.0,17.12,19.92,Low
Food_Beverage,7894.01,6836.0,59318.39,193839.7,16113.32,20,205079.99,86.6,8.31,71.08,0.0,999.0,45.83,48.91,Medium
Food_Beverage,36317.69,46038.52,39020.32,838518.25,314711.19,42,1381155.54,100.0,37.53,97.17,86.62,4.0,81.0,89.03,High
Food_Beverage,21642.51,11002.64,240561.28,239128.67,11066.69,0,330079.33,50.84,4.63,27.12,0.0,999.0,23.19,25.04,Low
Food_Beverage,34764.97,23759.93,154707.81,699335.32,45050.59,20,712798.04,68.34,6.44,78.3,0.0,999.0,41.69,44.14,Medium
Food_Beverage,18940.36,17629.21,17162.35,369518.76,77642.56,32,528876.43,93.08,21.01,96.75,0.0,999.0,57.36,58.87,Medium
Food_Beverage,23919.69,13612.51,504613.92,394997.2,15612.23,1,408375.27,56.91,3.95,0.0,0.0,999.0,18.06,20.31,Low
Food_Beverage,39101.32,27050.81,236939.03,715079.74,95725.91,12,811524.22,69.18,13.39,70.8,0.0,999.0,41.8,43.25,Medium
Food_Beverage,26485.28,30146.7,77397.98,334947.71,77571.93,40,904401.01,100.0,23.16,91.44,29.54,21.1,64.56,69.04,High
Food_Beverage,39740.51,23379.68,609506.81,443406.42,20865.44,6,701390.47,58.83,4.71,13.1,0.0,999.0,22.1,24.34,Low
Food_Beverage,25505.63,19476.51,214379.2,513245.83,40822.52,10,584295.2,76.36,7.95,63.31,0.0,999.0,40.72,43.35,Medium
Food_Beverage,7871.33,7569.77,17940.28,115106.98,35507.65,43,227093.01,96.17,30.85,92.1,0.0,999.0,59.59,59.77,Medium
Food_Beverage,17624.51,9102.59,425533.23,171626.3,3816.42,4,273077.83,51.65,2.22,0.0,0.0,999.0,16.05,18.3,Low
Food_Beverage,8055.4,6241.45,55573.38,68039.58,6888.6,8,187243.53,77.48,10.12,70.32,0.0,999.0,43.36,45.71,Medium
Food_Beverage,17387.0,16295.54,34688.97,142743.63,32989.13,32,488866.3,93.72,23.11,92.9,0.0,999.0,57.12,58.34,Medium
Food_Beverage,19483.35,12474.22,406669.35,345309.83,9660.67,3,374226.75,64.03,2.8,0.0,0.0,999.0,19.91,22.69,Low
Food_Beverage,10935.4,8352.03,43434.11,114612.77,9181.99,14,250561.03,76.38,8.01,82.67,0.0,999.0,45.58,48.2,Medium
Food_Beverage,10852.26,10964.96,13558.6,133253.75,46061.38,31,328948.71,100.0,34.57,95.88,0.0,120.3,62.61,62.43,High
Food_Beverage,13630.65,8348.86,257716.05,140441.0,1373.15,1,250465.72,61.25,0.98,0.0,0.0,999.0,18.62,21.54,Low
Food_Beverage,5236.86,4016.94,46562.44,71232.84,6267.71,20,120508.31,76.71,8.8,61.36,0.0,999.0,40.55,43.07,Medium
Food_Beverage,16715.77,20496.71,44276.24,219100.25,86228.29,24,614901.31,100.0,39.36,92.8,60.97,11.7,75.23,80.43,High
Food_Beverage,26112.39,16324.23,448745.31,638926.65,5674.86,6,489726.95,62.52,0.89,8.37,0.0,999.0,21.07,24.06,Low
Food_Beverage,15200.69,12660.51,97847.59,205818.28,22143.56,10,379815.29,83.29,10.76,74.24,0.0,999.0,46.24,48.79,Medium
Food_Beverage,14810.51,17985.09,20920.41,267594.13,102493.04,26,539552.6,100.0,38.3,96.12,78.03,6.6,79.21,86.27,High
Food_Beverage,24097.02,15005.41,439806.42,579065.16,27592.59,7,450162.37,62.27,4.77,2.3,0.0,999.0,20.45,22.85,Low
Food_Beverage,12337.69,10554.78,108805.78,265583.25,15115.9,20,316643.51,85.55,5.69,65.64,0.0,999.0,43.5,46.92,Medium
Food_Beverage,19319.96,21246.57,40250.04,205186.33,43192.81,41,637396.99,100.0,21.05,93.69,30.36,20.9,64.76,69.63,High
Food_Beverage,19809.48,11248.98,331531.45,338430.0,10117.94,6,337469.33,56.79,2.99,1.76,0.0,999.0,18.22,20.61,Low
Food_Beverage,37322.35,32519.69,221250.81,743751.72,39922.0,12,975590.69,87.13,5.37,77.32,0.0,999.0,46.81,50.36,Medium
Food_Beverage,33430.39,38028.01,93137.18,641169.15,113706.45,27,1140840.26,100.0,17.73,91.84,32.47,20.3,63.89,69.47,High
Food_Beverage,17425.31,10742.01,185831.34,425801.17,20941.08,6,322260.16,61.65,4.92,42.33,0.0,999.0,30.31,32.65,Medium
Food_Beverage,16605.88,14200.87,62132.77,277011.0,16582.06,10,426026.04,85.52,5.99,85.42,0.0,999.0,48.51,51.88,Medium
Food_Beverage,23157.92,26219.57,44882.1,367564.26,96097.71,32,786587.06,100.0,26.14,94.29,51.14,14.7,70.34,76.53,High
Food_Beverage,28784.44,17969.51,352931.05,281435.25,14039.44,7,539085.44,62.43,4.99,34.53,0.0,999.0,28.61,30.98,Medium
Food_Beverage,19559.14,17438.54,74568.94,272294.27,39228.79,9,523156.22,89.16,14.41,85.75,0.0,999.0,51.79,54.08,Medium
Food_Beverage,17007.33,20641.94,30660.6,262743.26,62289.88,23,619258.11,100.0,23.71,95.05,71.88,8.4,74.07,82.7,High
Food_Beverage,29386.71,16380.26,426223.77,246376.65,9980.55,1,491407.9,55.74,4.05,13.26,0.0,999.0,21.05,23.23,Low
Food_Beverage,17007.73,11974.46,146272.43,206584.71,29540.01,18,359233.73,70.41,14.3,59.28,0.0,999.0,39.52,40.89,Medium
Food_Beverage,11105.86,10706.65,21096.95,239462.94,93298.51,27,321199.65,96.41,38.96,93.43,0.0,999.0,62.02,61.0,High
Food_Beverage,27041.61,14428.04,537036.09,423005.84,8366.68,3,432841.26,53.35,1.98,0.0,0.0,999.0,16.5,18.87,Low
Food_Beverage,20034.35,13642.97,90226.15,435715.17,33913.67,18,409289.14,68.1,7.78,77.96,0.0,999.0,41.86,44.1,Medium
Food_Beverage,7189.73,6763.39,19268.11,81605.34,16055.03,30,202901.58,94.07,19.67,90.5,0.0,999.0,55.77,57.52,Medium
Food_Beverage,8988.42,5579.35,155879.58,163126.45,7878.33,5,167380.52,62.07,4.83,6.87,0.0,999.0,21.55,23.93,Low
Food_Beverage,26395.79,21357.92,143473.62,288584.37,38829.54,16,640737.62,80.91,13.46,77.61,0.0,999.0,47.04,49.07,Medium
Food_Beverage,28575.61,34869.26,79917.59,293674.75,87380.6,41,1046077.67,100.0,29.75,92.36,57.67,12.7,72.06,78.37,High
Food_Beverage,9125.16,5064.17,116306.23,137881.73,4780.61,6,151925.23,55.5,3.47,23.45,0.0,999.0,23.38,25.63,Low
Food_Beverage,9825.36,7510.66,42251.74,232131.26,26358.54,18,225319.82,76.44,11.36,81.25,0.0,999.0,46.08,48.2,Medium
Food_Beverage,37574.32,36420.56,34461.81,501536.81,111445.84,25,1092616.88,96.93,22.22,96.85,0.0,999.0,58.85,60.36,High
Food_Beverage,20785.03,10593.09,319789.96,235228.06,112.71,2,317792.79,50.97,0.05,0.0,0.0,999.0,15.3,17.84,Low
Food_Beverage,18438.05,14815.86,139603.45,277782.39,25254.15,14,444475.68,80.35,9.09,68.59,0.0,999.0,43.53,46.18,Medium
Food_Beverage,34396.21,37680.36,24307.0,404121.16,63736.04,44,1130410.7,100.0,15.77,97.85,75.33,7.4,73.47,83.64,High
Food_Beverage,6144.33,3320.84,88048.56,106575.49,4160.39,7,99625.08,54.05,3.9,11.62,0.0,999.0,20.1,22.21,Low
Food_Beverage,8962.38,6319.61,75515.18,154285.1,20416.28,12,189588.17,70.51,13.23,60.17,0.0,999.0,39.5,41.04,Medium
Food_Beverage,31487.52,37911.02,50487.61,306722.42,62766.29,33,1137330.73,100.0,20.46,95.56,73.8,7.9,73.77,83.08,High
Food_Beverage,34052.48,21631.57,492590.64,424561.45,21213.48,7,648947.06,63.52,5.0,24.09,0.0,999.0,26.33,28.76,Low
Food_Beverage,35176.99,24593.51,318599.14,423111.72,26122.33,19,737805.21,69.91,6.17,56.82,0.0,999.0,36.72,39.29,Medium
Food_Beverage,33374.6,37885.82,45942.7,509925.1,167096.59,40,1136574.73,100.0,32.77,95.96,66.05,10.2,75.39,82.08,High
Food_Beverage,26565.29,17035.6,589827.8,452905.65,18239.43,5,511068.04,64.13,4.03,0.0,0.0,999.0,20.24,22.85,Low
Food_Beverage,25890.02,18564.26,255094.39,324785.94,25743.66,16,556927.72,71.7,7.93,54.2,0.0,999.0,37.04,39.44,Medium
Food_Beverage,35030.59,45336.43,77005.93,748139.47,130031.35,44,1360092.75,100.0,17.38,94.34,75.09,7.5,72.95,82.85,High
Food_Beverage,37156.9,25216.44,854821.12,454968.21,2886.5,2,756493.24,67.86,0.63,0.0,0.0,999.0,20.52,23.82,Low
Food_Beverage,29898.82,25780.74,249066.59,311453.55,36634.24,14,773422.07,86.23,11.76,67.8,0.0,999.0,45.76,48.3,Medium
Food_Beverage,27134.07,31234.71,39016.91,623055.93,105221.11,45,937041.27,100.0,16.89,95.84,68.28,9.5,71.84,81.13,High
Food_Beverage,8258.32,4895.62,117048.32,129901.9,6081.59,5,146868.5,59.28,4.68,20.3,0.0,999.0,24.03,26.29,Low
Food_Beverage,22081.56,17842.57,200552.52,451034.41,60761.88,8,535276.96,80.8,13.47,62.53,0.0,999.0,43.24,45.26,Medium
Food_Beverage,21045.72,24532.11,29370.5,310659.5,51517.5,37,735963.2,100.0,16.58,96.01,71.92,8.4,72.53,82.24,High
Food_Beverage,38884.5,25215.53,677396.16,534344.49,8626.06,4,756465.96,64.85,1.61,10.45,0.0,999.0,22.47,25.47,Low
Food_Beverage,25227.68,20296.96,161390.67,528729.7,44611.02,17,608908.79,80.46,8.44,73.5,0.0,999.0,44.62,47.38,Medium
Food_Beverage,6608.0,7602.32,17126.33,102436.34,15782.4,25,228069.61,100.0,15.41,92.49,42.59,17.2,65.49,72.44,High
Food_Beverage,5023.66,3378.14,65482.24,115526.6,3977.53,2,101344.11,67.24,3.44,35.39,0.0,999.0,29.88,32.73,Medium
Food_Beverage,15565.29,13578.74,142207.09,190777.84,11319.61,12,407362.3,87.24,5.93,65.09,0.0,999.0,43.93,47.4,Medium
Food_Beverage,18014.53,22725.69,16461.91,366448.04,91276.85,29,681770.83,100.0,24.91,97.59,88.35,3.5,78.29,88.39,High
Food_Beverage,31433.13,18145.14,357331.39,506252.93,2409.35,3,544354.06,57.73,0.48,34.36,0.0,999.0,26.03,28.84,Low
Food_Beverage,9644.49,7038.18,74840.1,133487.11,6798.32,18,211145.53,72.98,5.09,64.56,0.0,999.0,39.3,42.19,Medium
Food_Beverage,9220.78,11471.91,20609.16,133813.74,36052.77,27,344157.26,100.0,26.94,94.01,69.48,9.2,74.14,82.04,High
Food_Beverage,30576.72,15852.1,449486.08,443553.76,19538.3,2,475562.96,51.84,4.4,5.48,0.0,999.0,18.03,19.96,Low
Food_Beverage,33467.88,29197.02,250708.97,569577.78,67047.11,8,875910.65,87.24,11.77,71.38,0.0,999.0,46.96,49.56,Medium
Food_Beverage,5296.62,6144.12,8475.9,109748.9,36283.87,40,184323.52,100.0,33.06,95.4,66.66,10.0,75.45,82.16,High
Food_Beverage,37196.29,22722.98,618788.55,386105.85,4193.97,1,681689.44,61.09,1.09,9.23,0.0,999.0,20.91,23.8,Low
Food_Beverage,9310.5,7826.43,50842.32,96616.14,8979.4,19,234792.82,84.06,9.29,78.35,0.0,999.0,47.13,49.94,Medium
Food_Beverage,14693.87,13719.66,27675.78,188722.95,56617.26,39,411589.71,93.37,30.0,93.28,0.0,999.0,58.83,59.0,Medium
Food_Beverage,37944.77,19155.6,861575.94,637538.04,27918.66,3,574667.97,50.48,4.38,0.0,0.0,999.0,16.24,18.11,Low
Food_Beverage,22833.29,19283.3,115737.25,553237.27,30680.83,19,578498.93,84.45,5.55,79.99,0.0,999.0,46.72,50.11,Medium
Food_Beverage,22321.07,21095.59,39038.58,515802.37,153957.95,36,632867.61,94.51,29.85,93.83,0.0,999.0,59.27,59.52,Medium
Food_Beverage,5422.35,3063.61,79963.81,77062.44,1490.53,6,91908.38,56.5,1.93,13.0,0.0,999.0,20.68,23.22,Low
Food_Beverage,28902.97,24503.93,279814.61,519825.13,66036.87,7,735117.93,84.78,12.7,61.94,0.0,999.0,44.09,46.43,Medium
Food_Beverage,5482.77,5407.64,15387.11,91081.86,35264.16,32,162229.21,98.63,38.72,90.52,0.0,999.0,61.9,61.02,High
Food_Beverage,26999.97,15935.08,438249.54,510006.13,17896.39,1,478052.49,59.02,3.51,8.33,0.0,999.0,20.66,23.09,Low
Food_Beverage,23817.94,16996.23,85391.58,585047.8,33875.53,10,509887.05,71.36,5.79,83.25,0.0,999.0,43.67,46.37,Medium
Food_Beverage,10438.2,10758.65,20522.47,204358.51,69646.61,40,322759.61,100.0,34.08,93.64,0.0,64.0,61.93,61.82,High
Food_Beverage,7314.03,4576.84,153224.32,88910.46,3762.99,0,137305.15,62.58,4.23,0.0,0.0,999.0,19.83,22.32,Low
Food_Beverage,37361.97,26359.51,272222.22,769985.01,42736.37,17,790785.23,70.55,5.55,65.58,0.0,999.0,38.95,41.64,Medium
Food_Beverage,30923.04,29308.15,70187.61,508344.41,165402.51,25,879244.47,94.78,32.54,92.02,0.0,999.0,59.57,59.43,Medium
Food_Beverage,17134.68,10162.58,382747.67,174051.0,2256.11,5,304877.41,59.31,1.3,0.0,0.0,999.0,18.12,20.89,Low
Food_Beverage,32339.34,23902.92,297680.49,442893.31,56310.8,7,717087.52,73.91,12.71,58.49,0.0,999.0,39.97,41.76,Medium
Food_Beverage,20026.36,22220.08,23177.99,186449.23,73416.74,40,666602.43,100.0,39.38,96.52,64.78,10.6,76.93,82.5,High
Food_Beverage,20931.92,11822.82,366186.19,223432.98,6333.05,5,354684.49,56.48,2.83,0.0,0.0,999.0,17.65,20.05,Low
Food_Beverage,32066.51,28113.96,247516.38,533908.19,32853.16,18,843418.94,87.67,6.15,70.65,0.0,999.0,45.5,48.96,Medium
Food_Beverage,6541.33,8145.07,7269.89,154662.16,41440.36,32,244352.19,100.0,26.79,97.02,84.89,4.5,77.93,87.4,High
Food_Beverage,11263.63,7578.87,118611.16,133099.65,5344.72,6,227365.97,67.29,4.02,47.83,0.0,999.0,33.15,35.91,Medium
Food_Beverage,13689.21,12066.88,71725.25,196272.34,26025.65,16,362006.29,88.15,13.26,80.19,0.0,999.0,49.81,52.22,Medium
Food_Beverage,22571.43,28457.53,21405.86,546665.43,191925.76,21,853725.9,100.0,35.11,97.49,87.88,3.6,80.73,89.25,High
Textile,20169.48,12176.66,413815.46,190975.83,37866.4,20,365299.76,60.37,19.83,0.0,0.0,999.0,23.07,21.04,Low
Textile,49255.96,38113.47,439163.75,915481.08,402502.26,58,1143404.1,77.38,43.97,61.59,0.0,999.0,49.6,44.85,Medium
Textile,49794.5,56010.97,172627.75,1018391.01,808188.02,71,1680329.24,100.0,79.36,89.73,7.44,27.8,73.76,68.61,High
Textile,55991.94,37138.07,1030759.16,669717.48,140999.41,10,1114142.08,66.33,21.05,7.48,0.0,999.0,27.03,24.39,Low
Textile,40981.78,35568.69,605382.25,856592.73,416541.58,35,1067060.73,86.79,48.63,43.27,0.0,999.0,49.01,44.94,Medium
Textile,43220.61,51020.7,109674.6,654224.76,378124.81,72,1530620.91,100.0,57.8,92.83,53.13,14.1,78.28,74.19,High
Textile,87088.88,60532.05,1591808.43,2060667.88,245581.2,11,1815961.63,69.51,11.92,12.34,0.0,999.0,26.92,23.42,Low
Textile,82296.56,66162.47,1070552.26,777154.49,252029.45,58,1984874.14,80.4,32.43,46.06,0.0,999.0,43.74,39.04,Medium
Textile,22168.28,21076.16,113054.09,200818.17,106119.46,83,632284.83,95.07,52.84,82.12,0.0,999.0,62.26,56.05,Medium
Textile,64683.29,35157.15,1336797.77,949563.4,189084.58,35,1054714.47,54.35,19.91,0.0,0.0,999.0,21.28,19.56,Low
Textile,77392.49,59224.63,814755.49,885843.29,252829.55,65,1776738.76,76.53,28.54,54.14,0.0,999.0,43.63,38.52,Medium
Textile,73495.27,82475.59,130604.98,980321.55,551394.1,79,2474267.75,100.0,56.25,94.72,51.52,14.5,78.05,73.7,High
Textile,24055.26,14060.1,681374.44,300814.21,43097.17,24,421802.94,58.45,14.33,0.0,0.0,999.0,21.12,18.91,Low
Textile,23993.52,17551.81,308569.78,438029.05,197721.18,57,526554.33,73.15,45.14,41.4,0.0,999.0,43.58,40.11,Medium
Textile,31126.56,38145.53,54210.61,458685.83,353298.09,76,1144365.94,100.0,77.02,95.26,74.26,7.7,87.92,85.72,High
Textile,18671.3,10713.43,543734.92,420631.11,43889.27,22,321402.84,57.38,10.43,0.0,0.0,999.0,19.82,17.48,Low
Textile,56696.53,45925.56,393885.14,588310.53,146215.2,60,1377766.86,81.0,24.85,71.41,0.0,999.0,48.37,41.99,Medium
Textile,15896.77,19323.18,93994.99,227770.11,125198.81,77,579695.48,100.0,54.97,83.79,8.56,27.4,66.4,60.39,High
Textile,62272.32,39607.89,1576559.49,521256.84,60588.23,12,1188236.69,63.6,11.62,0.0,0.0,999.0,21.99,19.39,Low
Textile,19835.4,17465.06,206968.81,444386.06,113790.22,63,523951.7,88.05,25.61,60.5,0.0,999.0,47.94,41.79,Medium
Textile,75666.54,71622.96,432162.13,1162514.88,603626.93,83,2148688.78,94.66,51.92,79.89,0.0,999.0,61.35,55.22,Medium
Textile,69332.31,42244.37,1533885.3,807733.5,112867.0,21,1267331.08,60.93,13.97,0.0,0.0,999.0,21.77,19.42,Low
Textile,29036.33,21950.62,430731.88,536841.5,123313.48,54,658518.71,75.6,22.97,34.59,0.0,999.0,37.07,32.71,Medium
Textile,63545.88,69238.24,344030.59,810603.43,552857.28,67,2077147.33,100.0,68.2,83.44,0.0,60.4,67.91,62.15,High
Textile,25292.7,14060.27,762687.25,629775.2,96742.27,30,421808.2,55.59,15.36,0.0,0.0,999.0,20.52,18.51,Low
Textile,55774.25,39259.83,547980.95,962485.25,403997.2,50,1177794.9,70.39,41.97,53.47,0.0,999.0,44.98,40.88,Medium
Textile,51350.96,64025.27,180342.84,433559.78,280766.76,70,1920757.96,100.0,64.76,90.61,52.57,14.2,79.36,75.69,High
Textile,59783.73,31402.87,1731996.12,1485986.25,177323.59,35,942086.23,52.53,11.93,0.0,0.0,999.0,18.74,16.71,Low
Textile,54707.42,46685.59,875103.06,668172.92,329218.39,38,1400567.61,85.34,49.27,37.52,0.0,999.0,47.3,43.62,Medium
Textile,33086.46,36487.82,163982.65,825132.13,643671.42,89,1094634.45,100.0,78.01,85.02,0.0,48.2,70.76,65.41,High
Textile,31455.87,21150.01,904615.77,345816.58,44842.95,15,634500.34,67.24,12.97,0.0,0.0,999.0,23.41,20.7,Low
Textile,59438.96,51191.33,771295.78,1186324.38,564588.85,35,1535740.03,86.12,47.59,49.78,0.0,999.0,50.18,45.76,Medium
Textile,41376.16,46163.69,70774.4,951140.63,818342.41,90,1384910.82,100.0,86.04,94.89,50.72,14.8,85.38,82.47,High
Textile,51917.0,29884.96,1238063.9,946357.04,87666.76,17,896548.86,57.56,9.26,0.0,0.0,999.0,19.58,17.17,Low
Textile,16494.6,13123.07,153685.79,168547.13,66063.35,60,393692.0,79.56,39.2,60.96,0.0,999.0,48.91,43.84,Medium
Textile,68770.32,85903.53,359078.77,722852.03,450310.61,65,2577106.01,100.0,62.3,86.07,30.14,21.0,73.12,68.44,High
Textile,67852.23,37013.22,1206054.95,1650810.64,253698.7,21,1110396.54,54.55,15.37,0.0,0.0,999.0,20.21,18.25,Low
Textile,43019.31,38217.69,428298.33,580083.3,144028.31,44,1146530.79,88.84,24.83,62.64,0.0,999.0,48.52,42.19,Medium
Textile,88189.55,103913.2,280825.68,1678781.97,1247202.51,80,3117395.93,100.0,74.29,90.99,40.47,17.9,79.41,75.6,High
Textile,28065.2,19487.74,760481.79,394766.07,82916.01,35,584632.13,69.44,21.0,0.0,0.0,999.0,26.08,23.66,Low
Textile,64914.88,56014.45,635116.82,659854.66,280780.42,44,1680433.55,86.29,42.55,62.21,0.0,999.0,52.08,46.78,Medium
Textile,69662.32,87812.11,400104.9,1700326.79,1103186.55,89,2634363.2,100.0,64.88,84.81,26.52,22.0,72.73,68.06,High
Textile,17428.71,10952.72,535699.36,328949.31,70873.59,17,328581.63,62.84,21.55,0.0,0.0,999.0,24.24,22.17,Low
Textile,22808.27,18229.21,212383.39,563374.56,136216.0,46,546876.35,79.92,24.18,61.16,0.0,999.0,45.31,39.47,Medium
Textile,27591.56,34114.8,39832.0,562808.73,433028.98,85,1023443.96,100.0,76.94,96.11,79.65,6.1,89.19,87.22,High
Textile,40181.21,20976.65,777705.25,496767.73,87950.07,21,629299.48,52.21,17.7,0.0,0.0,999.0,20.09,18.36,Low
Textile,23102.6,16177.74,227777.06,532223.35,226260.74,40,485332.09,70.03,42.51,53.07,0.0,999.0,44.9,40.87,Medium
Textile,51981.15,54263.68,193895.92,1112833.76,599308.67,80,1627910.47,100.0,53.85,88.09,0.0,84.9,65.49,58.77,Medium
Textile,58354.16,38308.56,1144285.64,1305847.23,186971.52,35,1149256.92,65.65,14.32,0.43,0.0,999.0,23.38,20.79,Low
Textile,37118.15,28348.74,575948.22,857237.33,206402.27,40,850462.15,76.37,24.08,32.28,0.0,999.0,37.0,32.77,Medium
Textile,27067.84,25132.51,154534.9,489887.77,427013.51,75,753975.35,92.85,87.17,79.5,0.0,999.0,69.52,65.26,High
Textile,61023.35,37034.62,1006634.62,1118216.33,236996.91,15,1111038.71,60.69,21.19,9.4,0.0,999.0,25.85,23.41,Low
Textile,47565.03,33805.0,442875.41,944277.31,465369.66,48,1014149.89,71.07,49.28,56.33,0.0,999.0,47.72,43.82,Medium
Textile,69152.86,81419.89,160871.94,665981.48,404236.62,72,2442596.75,100.0,60.7,93.41,56.29,13.1,79.79,75.96,High
Textile,44467.67,27522.78,1060783.84,678990.19,59500.37,10,825683.55,61.89,8.76,0.0,0.0,999.0,20.76,18.1,Low
Textile,37091.21,30874.87,445174.45,427223.99,117874.92,35,926246.16,83.24,27.59,51.94,0.0,999.0,44.85,39.47,Medium
Textile,62864.3,79918.25,211717.74,927685.0,504561.74,90,2397547.43,100.0,54.39,91.17,58.62,12.4,78.11,74.21,High
Textile,51682.26,33024.3,902278.73,739436.14,115483.39,15,990729.11,63.9,15.62,8.93,0.0,999.0,25.31,22.45,Low
Textile,43608.39,32153.19,281107.06,516590.16,177256.19,43,964595.66,73.73,34.31,70.86,0.0,999.0,48.41,42.9,Medium
Textile,35142.15,32451.07,167317.95,680295.79,512696.76,67,973532.03,92.34,75.36,82.81,0.0,999.0,67.25,62.26,High
Textile,75613.51,44953.56,2124989.98,1685693.74,188547.86,11,1348606.9,59.45,11.19,0.0,0.0,999.0,20.63,18.22,Low
Textile,76380.39,59861.33,867310.35,1354693.53,626857.78,50,1795839.9,78.37,46.27,51.7,0.0,999.0,48.01,43.82,Medium
Textile,32673.15,33116.32,97170.67,540274.25,445454.57,66,993489.71,100.0,82.45,90.22,0.0,219.3,73.17,67.78,High
Textile,82534.13,54809.35,2215262.11,1992153.68,332367.41,13,1644280.57,66.41,16.68,0.0,0.0,999.0,24.09,21.61,Low
Textile,48677.98,43314.27,373440.32,493845.99,137945.63,41,1299427.96,88.98,27.93,71.26,0.0,999.0,51.49,44.88,Medium
Textile,46753.12,59635.77,148533.08,491559.02,432061.85,85,1789073.09,100.0,87.9,91.7,61.57,11.5,87.21,85.1,High
Textile,59628.57,34438.78,1647755.04,870439.18,168019.23,12,1033163.27,57.76,19.3,0.0,0.0,999.0,22.15,20.23,Low
Textile,44801.62,34283.34,392552.2,367829.61,128109.17,62,1028500.18,76.52,34.83,61.83,0.0,999.0,47.12,41.95,Medium
Textile,67530.91,75856.05,331470.63,710384.35,385566.19,69,2275681.39,100.0,54.28,85.43,0.0,39.8,64.93,58.37,Medium
Textile,59095.06,38796.38,1833979.72,1255903.57,263099.17,28,1163891.27,65.65,20.95,0.0,0.0,999.0,24.93,22.7,Low
Textile,73930.92,64578.29,1094278.04,1072866.25,499752.04,43,1937348.85,87.35,46.58,43.52,0.0,999.0,48.73,44.52,Medium
Textile,51418.86,58175.59,61051.07,951771.12,575495.43,69,1745267.59,100.0,60.47,96.5,69.88,9.0,83.22,79.91,High
Textile,66060.96,39128.54,1475318.64,795297.91,161488.48,32,1173856.27,59.23,20.31,0.0,0.0,999.0,22.85,20.9,Low
Textile,70931.24,62715.06,1061862.86,1524460.17,344017.62,61,1881451.75,88.42,22.57,43.56,0.0,999.0,43.06,37.59,Medium
Textile,38321.2,46762.66,202764.12,394116.42,299624.55,72,1402879.67,100.0,76.02,85.55,19.93,24.0,74.38,69.9,High
Textile,88066.46,52818.73,2572700.67,1610263.92,189558.33,23,1584561.91,59.98,11.77,0.0,0.0,999.0,20.94,18.53,Low
Textile,21696.51,17104.3,328362.16,453704.17,151540.69,50,513129.05,78.83,33.4,36.01,0.0,999.0,41.0,36.93,Medium
Textile,80039.17,97006.41,286247.98,1605800.29,899905.78,74,2910192.17,100.0,56.04,90.16,43.76,16.9,75.3,70.79,High
Textile,45253.89,29889.87,1103677.98,510327.1,81455.41,15,896696.18,66.05,15.96,0.0,0.0,999.0,23.81,21.3,Low
Textile,77469.74,67196.9,658097.94,1094366.78,380626.92,64,2015906.86,86.74,34.78,67.35,0.0,999.0,51.56,45.59,Medium
Textile,29933.23,31129.78,99411.03,586091.63,381450.74,68,933893.28,100.0,65.08,89.36,0.0,83.1,68.61,62.4,High
Textile,33145.36,20151.77,766905.83,595852.9,127794.27,25,604553.03,60.8,21.45,0.0,0.0,999.0,23.6,21.63,Low
Textile,41231.99,30210.79,616208.8,393215.6,168968.33,57,906323.8,73.27,42.97,32.01,0.0,999.0,40.73,37.61,Medium
Textile,17058.79,15674.76,89884.57,385032.0,306614.63,71,470242.89,91.89,79.63,80.89,0.0,999.0,67.7,63.04,High
Textile,63553.49,40800.4,1290475.09,1442582.21,198111.27,10,1224011.93,64.2,13.73,0.0,0.0,999.0,22.69,20.17,Low
Textile,87535.38,73218.09,940215.04,1594843.19,409951.17,40,2196542.57,83.64,25.7,57.2,0.0,999.0,45.82,40.06,Medium
Textile,15634.78,15570.81,78571.46,295912.99,182304.5,87,467124.23,99.59,61.61,83.18,0.0,999.0,66.07,60.02,High
Textile,46785.51,27498.91,1009600.76,614596.29,70850.55,24,824967.38,58.78,11.53,0.0,0.0,999.0,20.51,18.15,Low
Textile,54047.84,44574.4,640189.75,1320402.45,293205.03,56,1337232.07,82.47,22.21,52.13,0.0,999.0,43.32,37.7,Medium
Textile,77953.38,86789.69,309386.27,766887.98,465820.96,86,2603690.58,100.0,60.74,88.12,0.0,35.0,67.21,60.85,High
Textile,19787.78,13809.99,519419.62,379015.78,76033.91,18,414299.68,69.79,20.06,0.0,0.0,999.0,25.95,23.47,Low
Textile,86414.08,71749.04,681254.15,2012988.43,734423.14,42,2152471.05,83.03,36.48,68.35,0.0,999.0,51.12,45.37,Medium
Textile,75407.24,90858.05,301641.5,782636.75,587761.39,86,2725741.36,100.0,75.1,88.93,34.92,19.5,77.99,74.05,High
Textile,16909.15,10306.58,350521.07,246884.91,51097.18,22,309197.47,60.95,20.7,0.0,0.0,999.0,23.46,21.45,Low
Textile,17648.93,14853.58,206852.89,355224.83,97038.98,58,445607.37,84.16,27.32,53.58,0.0,999.0,45.47,39.95,Medium
Textile,66473.86,75950.32,224593.63,1105084.86,947559.23,76,2278509.48,100.0,85.75,90.14,21.0,23.7,78.17,74.0,High
Textile,78406.44,52635.42,2354068.51,1254759.86,132200.27,13,1579062.56,67.13,10.54,0.0,0.0,999.0,22.77,19.94,Low
Textile,70568.92,59633.37,817916.09,1379982.95,656230.1,65,1789001.07,84.5,47.55,54.28,0.0,999.0,50.81,46.25,Medium
Textile,40172.43,37518.4,111535.43,608533.39,476359.8,74,1125552.0,93.39,78.28,90.09,0.0,999.0,70.11,64.85,High
Textile,81513.27,47840.37,2067920.74,1304140.66,189004.53,13,1435211.02,58.69,14.49,0.0,0.0,999.0,21.23,19.02,Low
Textile,79979.5,65320.45,1235124.25,904347.81,216989.58,63,1959613.6,81.67,23.99,36.97,0.0,999.0,39.74,35.01,Medium
Textile,23986.2,27791.97,87530.24,247902.35,162867.07,69,833759.06,100.0,65.7,89.5,23.34,23.0,73.47,68.44,High
Textile,30022.24,17822.84,753872.29,313276.43,64825.33,24,534685.24,59.37,20.69,0.0,0.0,999.0,22.98,21.05,Low
Textile,79679.55,58649.83,542467.48,1061972.11,332541.96,40,1759494.93,73.61,31.31,69.17,0.0,999.0,47.2,41.63,Medium
Textile,19351.02,20740.04,39609.83,406298.32,322578.95,83,622201.19,100.0,79.39,93.63,4.95,28.5,74.25,68.78,High
Textile,51718.28,34001.79,900346.06,791287.92,131375.29,30,1020053.82,65.74,16.6,11.74,0.0,999.0,26.81,23.76,Low
Textile,47176.91,37528.29,285264.21,676645.37,249992.81,58,1125848.7,79.55,36.95,74.66,0.0,999.0,51.77,45.9,Medium
Textile,16055.78,16416.09,82946.48,129571.86,74169.42,86,492482.75,100.0,57.24,83.16,0.0,230.2,65.1,58.8,Medium
Textile,70020.24,39262.3,2102831.29,1016719.0,125760.94,13,1177868.96,56.07,12.37,0.0,0.0,999.0,19.91,17.73,Low
Textile,59150.3,43381.07,842207.92,931661.45,282756.11,44,1301432.1,73.34,30.35,35.29,0.0,999.0,38.41,34.5,Medium
Textile,54021.63,59378.67,171158.15,746927.83,568394.49,69,1781360.1,100.0,76.1,90.39,0.0,32.0,71.62,65.91,High
Textile,82603.78,48295.55,1570695.78,1227298.76,261085.49,35,1448866.62,58.47,21.27,0.0,0.0,999.0,22.86,21.0,Low
Textile,32131.37,27164.95,234946.44,532698.63,226685.35,53,814948.39,84.54,42.55,71.17,0.0,999.0,53.79,48.14,Medium
Textile,24237.15,28362.84,120231.67,299290.39,192315.96,85,850885.22,100.0,64.26,85.87,2.86,29.1,68.1,62.17,High
Textile,55105.01,29136.53,1758669.91,1224104.85,211373.27,30,874096.0,52.87,17.27,0.0,0.0,999.0,20.18,18.4,Low
Textile,18617.63,13463.49,194426.56,299087.33,76149.61,43,403904.61,72.32,25.46,51.86,0.0,999.0,41.03,36.09,Medium
Textile,26484.53,30832.58,109952.04,257341.13,158116.63,86,924977.3,100.0,61.44,88.11,15.71,25.3,70.53,64.98,High
Textile,54023.19,34148.25,1470058.67,902022.08,125052.38,13,1024447.63,63.21,13.86,0.0,0.0,999.0,22.43,19.96,Low
Textile,61327.35,46396.67,849236.61,698870.47,251150.94,54,1391900.22,75.65,35.94,38.99,0.0,999.0,41.43,37.49,Medium
Textile,34724.54,38155.17,69739.59,372467.65,285796.65,74,1144655.19,100.0,76.73,93.91,32.24,20.3,79.11,74.86,High
